subject,hadRole,target
aopdb,extends,aopwiki
aopdbrdf,extends,aopdb
aopdbrdf,implements,aopo
aopnet,related_to,aopwiki
aopo,related_to,aopwiki
aopwiki,related_to,wikipathways
aopwikirdf,related_to,aopdbrdf
aopwikirdf,extends,aopwiki
aopwikirdf,implements,chebi
arraytrack,implements,miame
biomodels,implements,sbml
dixa,related_to,tggates
dixa,implements,isatab
echemportal,implements,oht
enm_db,implements,opentox
enm_db,implements,enm_ont
enm_db,implements,isatab
enm_ont,extends,obi
enm_ont,extends,chebi
enm_ont,extends,cl
enm_ont,extends,bao
eutr_ki,related_to,biostudies
fairaop,implements,fipwiz
iuclid,related_to,oht
miametox,extends,miame
miriam,related_to,sbml
nanoaop,extends,aopwikirdf
nanoaop,implements,enm_ont
nanocommons,implements,enm_ont
nanocommons,related_to,enm_db
omex,related_to,sbml
oorf,related_to,rodaf
parcfip,implements,fipwiz
pbk,profiles,sbml
rdmtox,extends,rdmkit
recipe_aop,extends,cookbook
recipe_bao,extends,cookbook
recipe_bao,recommends,bao
sedml,related_to,sbml
toxcoll,extends,fairsharing
toxtemp,extends,gd211
